PRAGMA foreign_keys=OFF;
BEGIN TRANSACTION;
CREATE TABLE IF NOT EXISTS "_prisma_migrations" (
    "id"                    TEXT PRIMARY KEY NOT NULL,
    "checksum"              TEXT NOT NULL,
    "finished_at"           DATETIME,
    "migration_name"        TEXT NOT NULL,
    "logs"                  TEXT,
    "rolled_back_at"        DATETIME,
    "started_at"            DATETIME NOT NULL DEFAULT current_timestamp,
    "applied_steps_count"   INTEGER UNSIGNED NOT NULL DEFAULT 0
);
INSERT INTO _prisma_migrations VALUES('02a16158-6d8e-455c-91ca-8303438baf1e','9c922822c30e6e3778f86705ee2385b89f62be73a2ac972a8ae307e5085b4575',1665287111028,'20211204110342_initial',NULL,NULL,1665287110928,1);
INSERT INTO _prisma_migrations VALUES('67234c97-5888-4f3f-8c8a-32cc6d795dff','0693e37170dd003972d77b2b27ea20c4785e605ed02ff8109643129cec746ed8',1665287111087,'20211207103225_add',NULL,NULL,1665287111042,1);
INSERT INTO _prisma_migrations VALUES('7e11e235-4705-4781-b91a-b48ac178a9dd','27d21ed0023d35e67c28c685c3d1fc7b04abf7f124c0facf854502f08d1dced4',1665287111323,'20211208055734_add_guilds_and_remap_aliases',NULL,NULL,1665287111101,1);
INSERT INTO _prisma_migrations VALUES('e02fa3b6-5eba-4058-a40b-24d0c46593ac','dc551ef509ba887c227f5047b1e94f17eccbceaa0884b974b6038562e4b390b7',1665287111417,'20211208063358_guild_id_on_alias',NULL,NULL,1665287111334,1);
INSERT INTO _prisma_migrations VALUES('b85f5f94-f94a-422d-8cb9-0d6875a62234','0eddf8bf5760b0c78b746da07f1f3d49117c1bb7b41210d94eec1a84c0411e60',1665287111522,'20211213054214_add_text_channels',NULL,NULL,1665287111433,1);
INSERT INTO _prisma_migrations VALUES('dbf0b8f6-45e6-45f2-9c5c-6a12b24551f7','f3379326ff72407988455c1ba87a92967bb54d2c25a9e090ddf88fd4fce528b7',1665287111616,'20211220103416_add_joinrequestoption',NULL,NULL,1665287111536,1);
INSERT INTO _prisma_migrations VALUES('cbaf3ebe-fd9b-4b5f-9339-aa2a2004ad41','7d70b351b007b6961af1f886e470ecb3f17f1a1811b64a3b1f8524941435be2c',1665287111714,'20220101014811_add_lock',NULL,NULL,1665287111632,1);
INSERT INTO _prisma_migrations VALUES('41ed81c6-c504-456c-8b76-5170a7ae68d0','ae0a3fe7348a6305177c78720440d8a4fe37070814d0c0c9cea4287af0ad9a19',1665287111871,'20220611070603_no_text',NULL,NULL,1665287111729,1);
INSERT INTO _prisma_migrations VALUES('03464457-50a4-4f64-a26c-44a5ced87148','e97ecf144e9236379a729b6c592560506860702b2f8a6060c44e761b919e6305',1665287111936,'20220615102816_add',NULL,NULL,1665287111883,1);
INSERT INTO _prisma_migrations VALUES('48690903-a033-40da-9725-9933e26953cc','f84c76bec0ce68ff96d65690e20dc50f0b3713babd0328d58024dec2cb504f66',1665287111987,'20220615102951_add',NULL,NULL,1665287111949,1);
INSERT INTO _prisma_migrations VALUES('5fc3aa64-1710-4c46-923b-ac8094ca07f6','ab2b7170e748cb190f57fcca1d60bc90002c3ca4412224634bb34603b9680803',1665287112151,'20221009032532_unique_alias',NULL,NULL,1665287112000,1);
INSERT INTO _prisma_migrations VALUES('b32edadb-3109-487d-b35d-90cd7dd5b5d7','81c6f73deccaab37a88c8e5fc4410beafab663a541bb9453ea71f58452268319',1665318018936,'20221009062240_add_emoji_to_secondary_channel',NULL,NULL,1665318018890,1);
INSERT INTO _prisma_migrations VALUES('0f687922-3217-4d49-9dd0-c69fcc6d9b68','9329bc08f7b8943b562db5ec3b6cdbee4d8fdc84f8418fc92a9128f5f8da3fcf',1667597622794,'20221026001010_updated_at',NULL,NULL,1667597622456,1);
INSERT INTO _prisma_migrations VALUES('1d5b2bed-50be-4bcf-9abc-9be4dbd9d467','7f6e3f402a35e0db7f14b21fbe85c6173c9822daedb057c4942ab9eb203231b0',1668117106891,'20221110210927_cascade',NULL,NULL,1668117106635,1);
INSERT INTO _prisma_migrations VALUES('e3227cd6-b8f9-4755-b2a4-03086bfc9afb','ae9f1cfed371a664cbbe667710608eb833ef9c6ce49bf85f742a95a2f541e00b',1681271775518,'20230411111925_unique_channels',NULL,NULL,1681271775375,1);
INSERT INTO _prisma_migrations VALUES('57147d0d-b089-4c74-8cce-89d6fa761c97','768c4ddfc587b239e3a72947d717f1667c7b55c94b2885a5f5296e59957bff28',1682824791610,'20230430025743_last_name',NULL,NULL,1682824791514,1);
CREATE TABLE IF NOT EXISTS "Guild" (
    "id" TEXT NOT NULL PRIMARY KEY,
    "allowJoinRequests" BOOLEAN NOT NULL DEFAULT false,
    "createdAt" DATETIME NOT NULL DEFAULT CURRENT_TIMESTAMP,
    "updatedAt" DATETIME NOT NULL DEFAULT CURRENT_TIMESTAMP
);
INSERT INTO Guild VALUES('383551226417119232',1,'2022-11-04 21:33:42','2022-11-04 21:33:42');
INSERT INTO Guild VALUES('911510714198401044',1,'2022-11-04 21:33:42','2022-11-04 21:33:42');
INSERT INTO Guild VALUES('890072999053656065',0,'2022-11-04 21:33:42','2022-11-04 21:33:42');
INSERT INTO Guild VALUES('691666797631373342',0,'2022-11-04 21:33:42','2022-11-04 21:33:42');
INSERT INTO Guild VALUES('673752521457532948',0,'2022-11-04 21:33:42','2022-11-04 21:33:42');
INSERT INTO Guild VALUES('600578866599297063',1,'2022-11-04 21:33:42','2022-11-04 21:33:42');
INSERT INTO Guild VALUES('281751029937340416',0,'2022-11-04 21:33:42','2022-11-04 21:33:42');
INSERT INTO Guild VALUES('169497637412798465',0,'2022-11-04 21:33:42','2022-11-04 21:33:42');
INSERT INTO Guild VALUES('726702350395506709',0,'2022-11-04 21:33:42','2022-11-04 21:33:42');
INSERT INTO Guild VALUES('947643534113132546',0,'2022-11-04 21:33:42','2022-11-04 21:33:42');
INSERT INTO Guild VALUES('1023906467662794762',0,'2022-11-04 21:33:42','2022-11-04 21:33:42');
INSERT INTO Guild VALUES('771266285774438401',0,'2022-11-04 21:33:42','2022-11-04 21:33:42');
INSERT INTO Guild VALUES('834621899136040980',0,'2022-11-04 21:33:42','2022-11-04 21:33:42');
INSERT INTO Guild VALUES('890416700829356072',0,1669947338437,1669947338437);
INSERT INTO Guild VALUES('892208779305832458',0,1670207202904,1670207202904);
INSERT INTO Guild VALUES('504971400394702858',0,1673860312876,1673860312876);
INSERT INTO Guild VALUES('793235617747304448',0,1676827306277,1676827306277);
INSERT INTO Guild VALUES('1077365888140968027',0,1676934749123,1676934749123);
INSERT INTO Guild VALUES('835199549294510081',0,1681149008224,1681149008224);
INSERT INTO Guild VALUES('1091231884278780036',0,1681171285136,1681171285136);
INSERT INTO Guild VALUES('681222598956417029',0,1681298136480,1681298136480);
INSERT INTO Guild VALUES('966424753156014090',0,1684096927704,1684096927704);
INSERT INTO Guild VALUES('1091247722327199796',0,1686108683999,1686108683999);
INSERT INTO Guild VALUES('890702035383627816',0,1686242803360,1686242803360);
INSERT INTO Guild VALUES('1141191018088255579',0,1692151736333,1692151736333);
INSERT INTO Guild VALUES('858622569725165578',0,1692612848218,1692612848218);
INSERT INTO Guild VALUES('1038208624889167953',0,1694940230548,1694940230548);
CREATE TABLE IF NOT EXISTS "Alias" (
    "id" INTEGER NOT NULL PRIMARY KEY AUTOINCREMENT,
    "activity" TEXT NOT NULL,
    "alias" TEXT NOT NULL,
    "guildId" TEXT NOT NULL,
    "createdAt" DATETIME NOT NULL DEFAULT CURRENT_TIMESTAMP,
    "updatedAt" DATETIME NOT NULL DEFAULT CURRENT_TIMESTAMP,
    CONSTRAINT "Alias_guildId_fkey" FOREIGN KEY ("guildId") REFERENCES "Guild" ("id") ON DELETE CASCADE ON UPDATE CASCADE
);
INSERT INTO Alias VALUES(20,'Counter Strike: Global Offensive','Kosko','383551226417119232','2022-11-04 21:33:42','2022-11-04 21:33:42');
INSERT INTO Alias VALUES(21,'Aim Lab','Potato Aim','383551226417119232','2022-11-04 21:33:42','2022-11-04 21:33:42');
INSERT INTO Alias VALUES(22,'Counter-Strike: Global Offensive','Kosko','383551226417119232','2022-11-04 21:33:42','2022-11-04 21:33:42');
INSERT INTO Alias VALUES(23,'Brawlhalla','Bashup','383551226417119232','2022-11-04 21:33:42','2022-11-04 21:33:42');
INSERT INTO Alias VALUES(24,'Dead by Daylight','Tot bei Tageslicht','383551226417119232','2022-11-04 21:33:42','2022-11-04 21:33:42');
INSERT INTO Alias VALUES(25,'osu!','Circle Clicker Pro','383551226417119232','2022-11-04 21:33:42','2022-11-04 21:33:42');
INSERT INTO Alias VALUES(26,'Rocket League','Rakten liga','383551226417119232','2022-11-04 21:33:42','2022-11-04 21:33:42');
INSERT INTO Alias VALUES(27,'Splitgate','Halo with Portals','383551226417119232','2022-11-04 21:33:42','2022-11-04 21:33:42');
INSERT INTO Alias VALUES(28,'Fall Guys: Ultimate Knockout','Fallende Leute','383551226417119232','2022-11-04 21:33:42','2022-11-04 21:33:42');
INSERT INTO Alias VALUES(29,'Phasmophobia','Geistmophobia','383551226417119232','2022-11-04 21:33:42','2022-11-04 21:33:42');
INSERT INTO Alias VALUES(30,'Fortnite','FORTNITE NEIGHBOURS','383551226417119232','2022-11-04 21:33:42','2022-11-04 21:33:42');
INSERT INTO Alias VALUES(31,'Need for Speed™ Heat','NFS','383551226417119232','2022-11-04 21:33:42','2022-11-04 21:33:42');
INSERT INTO Alias VALUES(32,'VALORANT','Valbot','383551226417119232','2022-11-04 21:33:42','2022-11-04 21:33:42');
INSERT INTO Alias VALUES(33,'Visual Studio Code','Programmieren','383551226417119232','2022-11-04 21:33:42','2022-11-04 21:33:42');
INSERT INTO Alias VALUES(34,'F1 2021','F1','383551226417119232','2022-11-04 21:33:42','2022-11-04 21:33:42');
INSERT INTO Alias VALUES(35,'Minecraft','Baukraft','383551226417119232','2022-11-04 21:33:42','2022-11-04 21:33:42');
INSERT INTO Alias VALUES(37,'ARK: Survival Evolved','ARK','383551226417119232','2022-11-04 21:33:42','2022-11-04 21:33:42');
INSERT INTO Alias VALUES(39,'Team Fortress 2','TF2','383551226417119232','2022-11-04 21:33:42','2022-11-04 21:33:42');
INSERT INTO Alias VALUES(40,'Rust','Oxidation','383551226417119232','2022-11-04 21:33:42','2022-11-04 21:33:42');
INSERT INTO Alias VALUES(41,'Golf with your Friends','IRL Golf','383551226417119232','2022-11-04 21:33:42','2022-11-04 21:33:42');
INSERT INTO Alias VALUES(42,'Golf With Your Friends','IRL Golf','383551226417119232','2022-11-04 21:33:42','2022-11-04 21:33:42');
INSERT INTO Alias VALUES(44,'Yakuza 5 Remastered','Yakuza 5','169497637412798465','2022-11-04 21:33:42','2022-11-04 21:33:42');
INSERT INTO Alias VALUES(45,'PUBG: BATTLEGROUNDS','PUBG','169497637412798465','2022-11-04 21:33:42','2022-11-04 21:33:42');
INSERT INTO Alias VALUES(46,'It Takes Two Friend''s Pass','It Takes Two','383551226417119232','2022-11-04 21:33:42','2022-11-04 21:33:42');
INSERT INTO Alias VALUES(48,'Age of Empires II: Definitive Edition','Age of Empires II','169497637412798465','2022-11-04 21:33:42','2022-11-04 21:33:42');
INSERT INTO Alias VALUES(49,'Red Dead Redemption 2','Red Dead','383551226417119232','2022-11-04 21:33:42','2022-11-04 21:33:42');
INSERT INTO Alias VALUES(50,'OzzyGaming FiveM Role-play','GTA RP','383551226417119232','2022-11-04 21:33:42','2022-11-04 21:33:42');
INSERT INTO Alias VALUES(51,'EA SPORTS™ UFC® 3','EA UFC','383551226417119232','2022-11-04 21:33:42','2022-11-04 21:33:42');
INSERT INTO Alias VALUES(52,'Rainbow Six Siege','Regenbogenscheiße','383551226417119232','2022-11-04 21:33:42','2022-11-04 21:33:42');
INSERT INTO Alias VALUES(53,'Call of Duty®: WWII','COD','383551226417119232','2022-11-04 21:33:42','2022-11-04 21:33:42');
INSERT INTO Alias VALUES(54,'Bloons TD 6','99 Luftballons','383551226417119232','2022-11-04 21:33:42','2022-11-04 21:33:42');
INSERT INTO Alias VALUES(57,'League of Legends','LoL','383551226417119232','2022-11-04 21:33:42','2022-11-04 21:33:42');
INSERT INTO Alias VALUES(58,'OpenGOAL','Jak and Daxter','169497637412798465','2022-11-04 21:33:42','2022-11-04 21:33:42');
INSERT INTO Alias VALUES(61,'F1® Manager 2022','F1 Manager','169497637412798465','2022-11-04 21:33:42','2022-11-04 21:33:42');
INSERT INTO Alias VALUES(62,'SUPER DRAGON BALL HEROES WORLD MISSION','Dragon Ball Heroes','169497637412798465','2022-11-04 21:33:42','2022-11-04 21:33:42');
INSERT INTO Alias VALUES(63,'The Jackbox Party Pack 9','Jackbox','169497637412798465','2022-11-04 21:33:42','2022-11-04 21:33:42');
INSERT INTO Alias VALUES(64,'Code','Programmer Pain','911510714198401044','2022-11-04 21:33:42','2022-11-04 21:33:42');
INSERT INTO Alias VALUES(69,'Visual Studio Code','Code','504971400394702858',1683443060178,1693623830396);
INSERT INTO Alias VALUES(71,'Project Zomboid','Zomboid','1091247722327199796',1686109986795,1686109986795);
INSERT INTO Alias VALUES(72,'Deep Rock Galactic','DRG','1091247722327199796',1686109997312,1686109997312);
CREATE TABLE IF NOT EXISTS "Primary" (
    "id" TEXT NOT NULL PRIMARY KEY,
    "creator" TEXT NOT NULL,
    "template" TEXT NOT NULL DEFAULT '@@game@@ ##',
    "generalName" TEXT NOT NULL DEFAULT 'General ##',
    "guildId" TEXT NOT NULL,
    "createdAt" DATETIME NOT NULL DEFAULT CURRENT_TIMESTAMP,
    "updatedAt" DATETIME NOT NULL DEFAULT CURRENT_TIMESTAMP,
    CONSTRAINT "Primary_guildId_fkey" FOREIGN KEY ("guildId") REFERENCES "Guild" ("id") ON DELETE CASCADE ON UPDATE CASCADE
);
INSERT INTO "Primary" VALUES('919560502504476732','201596915702300673','@@game@@ ##','General ##','890072999053656065','2022-11-04 21:33:42','2022-11-04 21:33:42');
INSERT INTO "Primary" VALUES('919685821752303616','267679937153073158','@@game@@ ##','General ##','691666797631373342','2022-11-04 21:33:42','2022-11-04 21:33:42');
INSERT INTO "Primary" VALUES('922469374143660082','201596915702300673','@@game@@ @@nato@@','General @@nato@@','383551226417119232','2022-11-04 21:33:42','2022-11-04 21:33:42');
INSERT INTO "Primary" VALUES('926925310111404092','287982085254283264','@@game@@ ##','General ##','673752521457532948','2022-11-04 21:33:42','2022-11-04 21:33:42');
INSERT INTO "Primary" VALUES('929208186953682975','201596915702300673','@@game@@ @@nato@@','@@creator@@''s Channel','911510714198401044','2022-11-04 21:33:42',1682212874151);
INSERT INTO "Primary" VALUES('929455468458438686','207011744168673281','@@game@@ ##','General ##','600578866599297063','2022-11-04 21:33:42','2022-11-04 21:33:42');
INSERT INTO "Primary" VALUES('947897834093555833','166354974777933824','@@game@@ ##','General ##','726702350395506709','2022-11-04 21:33:42','2022-11-04 21:33:42');
INSERT INTO "Primary" VALUES('1003710779830313040','169497321413935105','@@game@@ ##','General ##','169497637412798465','2022-11-04 21:33:42','2022-11-04 21:33:42');
INSERT INTO "Primary" VALUES('1013270610073362452','201596915702300673','@@game@@ ##','General ##','947643534113132546','2022-11-04 21:33:42',1692609575548);
INSERT INTO "Primary" VALUES('1028652018597900328','306699835094990848','@@game@@ ##','@@emoji@@','1023906467662794762','2022-11-04 21:33:42','2022-11-04 21:33:42');
INSERT INTO "Primary" VALUES('1049150459476181054','335327013336383489','PVE ##','PVE','892208779305832458',1670207362011,1670229353570);
INSERT INTO "Primary" VALUES('1049150515000389672','335327013336383489','PVP','PvP','892208779305832458',1670207375197,1670228426830);
INSERT INTO "Primary" VALUES('1049150549876015164','335327013336383489','The other team','Team','892208779305832458',1670207383553,1670228396519);
INSERT INTO "Primary" VALUES('1064472236452487188','201596915702300673','@@game@@ VC @@nato@@','VC @@nato@@','504971400394702858',1673860358232,1683443091888);
INSERT INTO "Primary" VALUES('1071600288215076975','166354974777933824','@@game@@ ##','General ##','834621899136040980',1675559818363,1675559818363);
INSERT INTO "Primary" VALUES('1076916671475896361','267412290993651722','@@game@@','GAMING','793235617747304448',1676827342901,1682444853755);
INSERT INTO "Primary" VALUES('1077367449533550733','335327013336383489','@@game@@ ##','General ##','1077365888140968027',1676934816647,1676934816647);
INSERT INTO "Primary" VALUES('1080406219530960917','267679937153073158','@@game@@ ##','General ##','691666797631373342',1677659315922,1677659315922);
INSERT INTO "Primary" VALUES('1095043352036135002','160852528660086794','@@game@@ ##','Jeu','835199549294510081',1681149080198,1681149130151);
INSERT INTO "Primary" VALUES('1095141150446321724','335327013336383489','ffxiv ##','ffxiv ##','1091231884278780036',1681172397215,1681173655902);
INSERT INTO "Primary" VALUES('1095147113161183392','335327013336383489','@@game@@ ##','Game ##','1091231884278780036',1681173818797,1681173853972);
INSERT INTO "Primary" VALUES('1095147517433352244','335327013336383489','@@game@@ ##','General ##','1091231884278780036',1681173915182,1681173937767);
INSERT INTO "Primary" VALUES('1095670368045383730','335327013336383489','General','General ##','681222598956417029',1681298572468,1681298764104);
INSERT INTO "Primary" VALUES('1095670457279184946','335327013336383489','@@game@@ ##','FFXIV ##','681222598956417029',1681298593748,1681298781056);
INSERT INTO "Primary" VALUES('1095670503395573903','335327013336383489','@@game@@ ##','Other Games ##','681222598956417029',1681298604868,1681298812989);
INSERT INTO "Primary" VALUES('1107407843809837098','356344219813806080','@@game@@ ##','General ##','966424753156014090',1684097004761,1684097004761);
INSERT INTO "Primary" VALUES('1115848654679461908','367903570412175360','@@creator@@''s VC','@@creator@@''s VC','1091247722327199796',1686109450930,1686110236930);
INSERT INTO "Primary" VALUES('1116290201988382730','201596915702300673','Exec Meeting @@nato@@','Exec Meeting @@nato@@','504971400394702858',1686214724027,1686214830233);
INSERT INTO "Primary" VALUES('1116445878920675348','889864313605607534','@@game@@ ##','General ##','890702035383627816',1686251840266,1686251840266);
INSERT INTO "Primary" VALUES('1141191889220014182','201596915702300673','@@game@@ ##','General ##','1141191018088255579',1692151748952,1692151748952);
INSERT INTO "Primary" VALUES('1143125939270713385','389923975536312320','@@game@@ ##','General ##','858622569725165578',1692612862398,1692612862398);
INSERT INTO "Primary" VALUES('1152887848438083765','863772137793126400','@@game@@ ##','General ##','1038208624889167953',1694940282888,1694940282888);
INSERT INTO "Primary" VALUES('1160192662180216853','169497321413935105','@@game@@ ##','General ##','169497637412798465',1696681886429,1696681886429);
CREATE TABLE IF NOT EXISTS "Secondary" (
    "id" TEXT NOT NULL PRIMARY KEY,
    "name" TEXT,
    "creator" TEXT,
    "emoji" TEXT,
    "locked" BOOLEAN NOT NULL DEFAULT false,
    "guildId" TEXT NOT NULL,
    "primaryId" TEXT NOT NULL,
    "createdAt" DATETIME NOT NULL DEFAULT CURRENT_TIMESTAMP,
    "updatedAt" DATETIME NOT NULL DEFAULT CURRENT_TIMESTAMP,
    "lastName" TEXT NOT NULL DEFAULT '',
    CONSTRAINT "Secondary_guildId_fkey" FOREIGN KEY ("guildId") REFERENCES "Guild" ("id") ON DELETE CASCADE ON UPDATE CASCADE,
    CONSTRAINT "Secondary_primaryId_fkey" FOREIGN KEY ("primaryId") REFERENCES "Primary" ("id") ON DELETE CASCADE ON UPDATE CASCADE
);
INSERT INTO Secondary VALUES('1174605431063203921',NULL,'477012810115579904','😪',0,'858622569725165578','1143125939270713385',1700118158092,1700125853666,'The Sims™ 4 #1');
INSERT INTO Secondary VALUES('1174643099620868157',NULL,'342838532961730560','🦌',0,'383551226417119232','922469374143660082',1700127138973,1700132066751,'With Yo Mamma Alpha');
CREATE TABLE IF NOT EXISTS "__drizzle_migrations" (
				id SERIAL PRIMARY KEY,
				hash text NOT NULL,
				created_at numeric
			);
DELETE FROM sqlite_sequence;
INSERT INTO sqlite_sequence VALUES('Alias',73);
CREATE UNIQUE INDEX "Guild_id_key" ON "Guild"("id");
CREATE UNIQUE INDEX "Alias_guildId_activity_key" ON "Alias"("guildId", "activity");
CREATE UNIQUE INDEX "Primary_id_key" ON "Primary"("id");
CREATE UNIQUE INDEX "Primary_guildId_id_key" ON "Primary"("guildId", "id");
CREATE UNIQUE INDEX "Secondary_id_key" ON "Secondary"("id");
CREATE UNIQUE INDEX "Secondary_guildId_id_key" ON "Secondary"("guildId", "id");
COMMIT;
